{
  "com.liferay.oauth2.provider.configuration.OAuth2ProviderApplicationHeadlessServerConfiguration~semantic-search-batch-oauth-application-headless-server" : {
    ".serviceAddress" : "localhost:8080",
    ".serviceScheme" : "http",
    ":configurator:policy" : "force",
    "baseURL" : "${portalURL}/o/semantic-search-batch",
    "buildTimestamp" : 1728061794179,
    "description" : "",
    "dxp.lxc.liferay.com.virtualInstanceId" : "default",
    "homePageURL" : "$[conf:.serviceScheme]://$[conf:.serviceAddress]",
    "name" : "Semantic Search OAuth Application Headless Server",
    "projectId" : "semanticsearchbatch",
    "projectName" : "semantic-search-batch",
    "properties" : [ ],
    "scopes" : [ "Liferay.Headless.Batch.Engine.everything", "Liferay.Search.Experiences.REST.everything" ],
    "sourceCodeURL" : "",
    "type" : "oAuthApplicationHeadlessServer",
    "typeSettings" : [ ".serviceScheme=http", "scopes=Liferay.Headless.Batch.Engine.everything\nLiferay.Search.Experiences.REST.everything", ".serviceAddress=localhost:8080" ],
    "webContextPath" : "/semantic-search-batch"
  }
}