{
	"configuration": {
		"className": "com.liferay.search.experiences.rest.dto.v1_0.SXPElement",
		"parameters": {
			"containsHeaders": "true",
			"createStrategy": "UPSERT",
			"importStrategy": "ON_ERROR_FAIL",
			"taskItemDelegateName": "DEFAULT",
			"updateStrategy": "UPDATE"
		}
	},
	"items": [
		{
			"schemaVersion": "1.0",
			"title_i18n": {
				"en_US": "Search By Sentence Embedding"
			},
			"description_i18n": {
				"en_US": "Enables semantic search for the selected asset types. Only Web Contents, Blogs, Knowledge Base Articles, Message Board Messages and Wiki Pages are currently supported. The vector dimensions have to match the dimensions set in the Search Experiences Sentence Transformer Configuration."
			},
			"type": 0,
			"elementDefinition": {
				"uiConfiguration": {
					"fieldSets": [
						{
							"fields": [
								{
									"defaultValue": 1,
									"name": "boost",
									"typeOptions": {
										"min": 0
									},
									"label": "Boost",
									"type": "number"
								},
								{
									"defaultValue": 2.4,
									"name": "min_score",
									"typeOptions": {
										"min": 0
									},
									"label": "Min Score",
									"type": "number"
								},
								{
									"helpText": "Specify the vector function for measuring similarity between the text embeddings of the search keywords and target documents. Check the model's documentation for suitability.",
									"defaultValue": "cosineSimilarity",
									"name": "vector_field_function",
									"typeOptions": {
										"nullable": false,
										"options": [
											{
												"label": "Cosine Similarity",
												"value": "cosineSimilarity"
											},
											{
												"label": "Dot Product",
												"value": "dotProduct"
											}
										]
									},
									"label": "Vector Field Function",
									"type": "select"
								}
							]
						}
					]
				},
				"configuration": {
					"queryConfiguration": {
						"queryEntries": [
							{
								"condition": {
									"exists": {
										"parameterName": "keywords"
									}
								},
								"clauses": [
									{
										"occur": "must",
										"query": {
											"script_score": {
												"query": {
													"bool": {
														"filter": [
															{
																"bool": {
																	"should": [
																		{
																			"bool": {
																				"must_not": [
																					{
																						"exists": {
																							"field": "hidden"
																						}
																					}
																				]
																			}
																		},
																		{
																			"bool": {
																				"must": [
																					{
																						"term": {
																							"hidden": false
																						}
																					}
																				]
																			}
																		}
																	]
																}
															},
															{
																"bool": {
																	"should": [
																		{
																			"bool": {
																				"must_not": [
																					{
																						"exists": {
																							"field": "displayDate"
																						}
																					}
																				]
																			}
																		},
																		{
																			"bool": {
																				"must_not": [
																					{
																						"exists": {
																							"field": "expirationDate"
																						}
																					}
																				],
																				"must": [
																					{
																						"range": {
																							"displayDate_sortable": {
																								"include_lower": true,
																								"include_upper": true,
																								"from": "-9223372036854775808",
																								"to": "${time.current_date|date_format=timestamp}"
																							}
																						}
																					}
																				]
																			}
																		},
																		{
																			"bool": {
																				"must": [
																					{
																						"range": {
																							"displayDate_sortable": {
																								"include_lower": true,
																								"include_upper": true,
																								"from": "-9223372036854775808",
																								"to": "${time.current_date|date_format=timestamp}"
																							}
																						}
																					},
																					{
																						"range": {
																							"expirationDate_sortable": {
																								"include_lower": true,
																								"include_upper": true,
																								"from": "${time.current_date|date_format=timestamp}",
																								"to": "9223372036854775807"
																							}
																						}
																					}
																				]
																			}
																		}
																	]
																}
															},
															{
																"bool": {
																	"should": [
																		{
																			"bool": {
																				"must_not": [
																					{
																						"term": {
																							"entryClassName": {
																								"value": "com.liferay.journal.model.JournalArticle"
																							}
																						}
																					}
																				]
																			}
																		},
																		{
																			"bool": {
																				"must": [
																					{
																						"term": {
																							"entryClassName": {
																								"value": "com.liferay.journal.model.JournalArticle"
																							}
																						}
																					},
																					{
																						"term": {
																							"head": {
																								"value": true
																							}
																						}
																					}
																				]
																			}
																		}
																	]
																}
															},
															{
																"terms": {
																	"entryClassName": [
																		{
																			"label": "com.liferay.blogs.model.BlogsEntry",
																			"value": "com.liferay.blogs.model.BlogsEntry"
																		},
																		{
																			"label": "com.liferay.journal.model.JournalArticle",
																			"value": "com.liferay.journal.model.JournalArticle"
																		},
																		{
																			"label": "com.liferay.knowledge.base.model.KBArticle",
																			"value": "com.liferay.knowledge.base.model.KBArticle"
																		},
																		{
																			"label": "com.liferay.message.boards.model.MBMessage",
																			"value": "com.liferay.message.boards.model.MBMessage"
																		},
																		{
																			"label": "com.liferay.wiki.model.WikiPage",
																			"value": "com.liferay.wiki.model.WikiPage"
																		}
																	]
																}
															},
															{
																"term": {
																	"status": {
																		"value": 0
																	}
																}
															},
															{
																"exists": {
																	"field": "text_embedding_${ml.text_embeddings.vector_dimensions}_${context.language_id}"
																}
															}
														]
													}
												},
												"boost": "${configuration.boost}",
												"min_score": "${configuration.min_score}",
												"script": {
													"source": "Math.pow((${configuration.vector_field_function}(params.query_vector, 'text_embedding_${ml.text_embeddings.vector_dimensions}_${context.language_id}') + 1), 3)",
													"params": {
														"query_vector": "${ml.text_embeddings.keywords_embedding}"
													}
												}
											}
										},
										"context": "query"
									}
								]
							}
						]
					}
				},
				"icon": "custom-field",
				"category": "semantic search"
			},
			"externalReferenceCode": "search-sentence-by-embedding"
		}
	]
}